"B2A1A0_06R15","A219AS318163"
"A1A0_02","A219AS318004"
"A1A0_03","A219AS318002"
"A1A0_04","A219AS318003"
"A1A0_12","A219AS318042"
"A1A0_13","A219AS318031"
"A1A0_14","A219AS318033"
"A1A0_15","A219AS318035"
"A1A0_22","A219AS318030"
"A1A0_23","A219AS318032"
"A1A0_24","A219AS318034"
"A1A0_25","A219AS318036"
"A1A0_31","A219AS318009"
"A1A0_32","A219AS318005"
"A1A0_33","A219AS318006"
"A1A0_34","A219AS318007"
"A1A0_35","A219AS318008"
"A1A0_41","A219AS318024"
"A1A0_42","A219AS318010"
"A1A0_43","A219AS318011"
"A1A0_44","A219AS318012"
"A1A0_45","A219AS318013"
"A0A1_02","A219AS318014"
"A0A1_03","A219AS318015"
"A0A1_04","A219AS318016"
"A0A1_05","A219AS318017"
"A0A1_06","A219AS318018"
"A0A1_12","A219AS318019"
"A0A1_13","A219AS318020"
"A0A1_14","A219AS318021"
"A0A1_15","A219AS318022"
"A0A1_16","A219AS318023"
"A0A1_22","A219AS318025"
"A0A1_23","A219AS318026"
"A0A1_24","A219AS318027"
"A0A1_25","A219AS318028"
"A0A1_26","A219AS318029"
"A0A1_32","A219AS318037"
"A0A1A0_32U24","A219AS318041"
"A0A1_33","A219AS318038"
"A0A1_34","A219AS318039"
"A0A1_35","A219AS318040"
"A0B0_02","A219AS318165"
"A0B0_03","A219AS318166"
"A0B0_12","A219AS318167"
"A0B0_13","A219AS318168"
"A0B0_14","A219AS318169"
"B0C0_02","A219AS318174"
"B0C0_03","A219AS318175"
"B0C0_11","A219AS318178"
"B0C0_12","A219AS318176"
"B0C0_13","A219AS318177"
"B0C0A0_21U24","A219AS318220"
"B0C0_22","A219AS318179"
"B0C0_23","A219AS318180"
"C0A0_02","A219AS318208"
"C0A0_03","A219AS318206"
"C0A0_04","A219AS318207"
"C0A0_12","A219AS318212"
"C0A0_13","A219AS318209"
"C0A0_14","A219AS318210"
"C0A0_15","A219AS318211"
"C0A0_22","A219AS318213"
"C0A0_23","A219AS318214"
"C0A0_24","A219AS318215"
"C0A0_25","A219AS318216"
"C0A0_32","A219AS318217"
"C0A0_33","A219AS318218"
"C0A0_34","A219AS318219"
"B0B1_02","A219AS318306"
"B0B1_03","A219AS318304"
"B0B1_13","A219AS319606"
"B0B1_22","A219AS318312"
"B0B1_23","A219AS318314"
"B1B0_02","A219AS318322"
"B1B0_12","A219AS318324"
"B1B0_13","A219AS318326"
"B1B0_22","A219AS319607"
"B1B0_32","A219AS318308"
"B1B0_33","A219AS318310"
"B1B2_02","A219AS318316"
"B2B1_02","A219AS318320"
"B2B1_03","A219AS318318"
"C2B2_02","A219AS318136"
"C2B2_03","A219AS318137"
"C2B2_04","A219AS318138"
"C2B2_05","A219AS318139"
"C2B2_06","A219AS318140"
"C2B2_12","A219AS318141"
"C2B2_13","A219AS318142"
"C2B2_14","A219AS318143"
"C2B2_15","A219AS318144"
"C2B2_16","A219AS318146"
"B2A1_02","A219AS318153"
"B2A1_03","A219AS318154"
"B2A1_04","A219AS318155"
"B2A1_05","A219AS318156"
"B2A1_06","A219AS318157"
"B2A1_12","A219AS318159"
"B2A1_13","A219AS318160"
"B2A1_14","A219AS318161"
"B2A1_15","A219AS318162"
"A1C2_02","A219AS318043"
"A1C2_03","A219AS318044"
"A1C2_12","A219AS318045"
"A1C2_13","A219AS318046"
"A1C2_14","A219AS318047"
"A1C2_22","A219AS318048"
"A1C2_23","A219AS318049"
"A1C2_24","A219AS318050"
"A1C2_25","A219AS318051"
"A1C2_32","A219AS318052"
"A1C2_33","A219AS318053"
"A1C2_34","A219AS318054"
"A1C2_35","A219AS318055"
"A1C2_36","A219AS318056"
"A1C2_42","A219AS318057"
"A1C2A1_42U14","A219AS318145"
"A1C2_43","A219AS318058"
"A1C2_44","A219AS318059"
"A1C2_45","A219AS318060"
"A1C2_46","A219AS318061"
"B1C1_02","A219AS318288"
"B1C1_03","A219AS318290"
"C1B1_02","A219AS318284"
"C1B1_03","A219AS318286"
"C0C1_02","A219AS318328"
"C0C1_03","A219AS318330"
"C0C1_12","A219AS318332"
"C0C1_13","A219AS318334"
"C0C1_14","A219AS318336"
"C1C0_02","A219AS318410"
"C1C0_03","A219AS318412"
"C1C0_04","A219AS318414"
"C1C2_02","A219AS318342"
"C1C2_03","A219AS318338"
"C1C2_04","A219AS318340"
"C1C2_12","A219AS318344"
"C1C2_13","A219AS318346"
"C1C2_14","A219AS318348"
"C1C2_21","A219AS318356"
"C1C2_22","A219AS318350"
"C1C2_23","A219AS318352"
"C1C2_24","A219AS318354"
"C1C2C1_31U14","A219AS318390"
"C1C2_32","A219AS318358"
"C1C2_33","A219AS318360"
"C1C2_34","A219AS318362"
"A0A1B2_32L02","A219AS319571"
"A1A0B0_45R03","A219AS319570"
"C0A0A1_32L02","A219AS319558"
"C0A0A1_33L03","A219AS319559"
"C0A0A1_34L04","A219AS319560"
"A0B0C0_12S02","A219AS318171"
"A0B0C0_13S03","A219AS318172"
"A0B0B1_14R03","A219AS318173"
"B1B0C0_32R03","Not connected"
"B0B1B2_23S02","A219AS319609"
"B0B1C1_22L02","A219AS319608"
"B2B1B0_02S02","A219AS319610"
"B2B1C1_03R03","A219AS319611"
"C1B1B2_02L02","A219AS319612"
"C1B1B0_03R02","A219AS319613"
"B1B2A1_02R06","A219AS318147"
"C2B2A1_12S02","A219AS318148"
"C2B2A1_13S03","A219AS318149"
"C2B2A1_14S04","A219AS318150"
"C2B2A1_15S05","A219AS318151"
"C2B2A1_16S06","A219AS318158"
"C2B2B1_16R02","A219AS318152"
"B0C0D0_22S02","A219AS319552"
"B0C0D0_23S03","A219AS319553"
"B0C0C1_23R03","A219AS319554"
"C1C0B0_02L02","A219AS319555"
"C1C0B0_03L03","A219AS319556"
"C1C0D0_04R03","A219AS319557"
"F0C0C1_11L02","A219AS319549"
"F0C0B0_12S03","A219AS319550"
"F0C0B0_13S04","A219AS319551"
"C0C1B1_14R03","A219AS319622"
"C0C1C2_13S03","A219AS319620"
"C0C1D1_12L02","A219AS319619"
"C0C1C2_14S04","A219AS319621"
"B1C1C0_02L02","A219AS319614"
"B1C1D1_03S03","A219AS319615"
"C2C1B1_31L02","A219AS319623"
"C2C1C0_32S02","A219AS319624"
"C2C1C0_33S03","A219AS319625"
"C2C1D1_34R03","A219AS319626"
"D1C1C2_02L02","A219AS319616"
"D1C1B1_03S03","A219AS319617"
"D1C1C0_03R04","A219AS319618"
"C1C2D2_32L02","A219AS319788"
"C1C2B2_34R06","A219AS319790"
"A1C2C1_42L02","A219AS319791"
"A1C2D2_43S02","A219AS319792"
"A1C2D2_44S03","A219AS319793"
"A1C2D2_45S04","A219AS319794"
"D2C2B2_13S02","A219AS319782"
"D2C2B2_14S03","A219AS319783"
"D2C2B2_15S04","A219AS319784"
"D2C2B2_16S05","A219AS319785"
"D2C2B2_17S06","A219AS319786"
"D2C2C1_17R04","A219AS319787"
